<?xml version="1.0"?>
<doc>
    <assembly>
        <name>ChaosTools</name>
    </assembly>
    <members>
        <member name="T:ConceptStrings.ChaosTools.ChaosAnalysis">
            <summary>
            Control class for chaos tools library
            </summary>
            <remarks>The Chaos tools library is concerned with the analysis of time series data of a single variate.
            Data values supplied to the library are time tagged double length floating point values, and methods exist to load arrays, 
            single values at a fixed point in time, or values at a given time offset from previous values.
            An internal temporal database stores and orders the values. In order to unravel the internal dynamics of the
            time series embedding is used according to the method of Floris Takens, and two tools are provided to automatically determine 
            the optimal embedding dimension and separation. Predictions are generated 1 and 'n' steps ahead of a given point in the temporal database
            using a memory-based learning algorithm. Various measures of chaotic behaviour are calculated, uncluding lyapunov exponent and Hurst Exponent. 
            More information can be found at: <see href="http://www.scientio.com/resources/thesis.pdf"/> (Acrobat reader required.)>
             </remarks>
        </member>
        <member name="M:ConceptStrings.ChaosTools.ChaosAnalysis.#ctor">
            <summary>
            Constructor
            </summary>
            <remarks>Creates a new ChaosTools instance.</remarks>
        </member>
        <member name="M:ConceptStrings.ChaosTools.ChaosAnalysis.ClearData">
            <summary>
            Empty events and analyses.
            </summary>
        </member>
        <member name="M:ConceptStrings.ChaosTools.ChaosAnalysis.RemoveBefore(System.DateTime)">
            <summary>
            Removes the elements of the stored series before the given date and time.
            </summary>
            <param name="startDate">Start date and time of the data to be retained.</param>
        </member>
        <member name="M:ConceptStrings.ChaosTools.ChaosAnalysis.LoadTaggedData(System.Double[],System.DateTime[])">
            <summary>
            Load data items consisting of double, time pairs
            </summary>
            <remarks>Length of two arrays must be equal and &gt; 0.</remarks>
            <param name="data">An array of data items</param>
            <param name="times">An array of corresponding times</param>
            <exception cref="T:System.Exception">thrown if lengths of arrays not equal.</exception>
        </member>
        <member name="M:ConceptStrings.ChaosTools.ChaosAnalysis.AddDataPointFixed(System.Double,System.DateTime)">
            <summary>
            Add a data point at a fixed point in time
            </summary>
            <param name="data">data point</param>
            <param name="time">time of the data point measurement/event</param>
        </member>
        <member name="M:ConceptStrings.ChaosTools.ChaosAnalysis.AddDataPointRelative(System.Double,System.TimeSpan)">
            <summary>
            Adds a data point at a time offset from the last entered.
            </summary>
            <param name="data">the data point value</param>
            <param name="interval">the interval from the last.</param>
        </member>
        <member name="M:ConceptStrings.ChaosTools.ChaosAnalysis.CalculateMeasures(System.Boolean,System.Boolean,System.Boolean)">
            <summary>
            Calculate the embedding parameters and the various measures.
            </summary>
            <remarks>Not all time series can be embedded. 
            Specifically time series that are truly random or exhibit 
            hyperchaos or chaotic behaviour beyond the range of search are rejected.
            Since the Lyapunov exponent calculation relies on the embedding process 
            the calculated value should not be trusted if the function returns false.</remarks>
            <param name="hurst">If true Hurst exponent is calculated</param>
            <param name="lyapunov">If true Lyapunov exponent is measured</param>
            <param name="kaplan">If true Kaplan-Glass measure is calculated.</param>
            <returns>false if embedding parameters could not be inferred.</returns>
        </member>
        <member name="M:ConceptStrings.ChaosTools.ChaosAnalysis.LoadSampledData(System.Double[],System.DateTime,System.TimeSpan)">
             <summary>
             Load a series of sampled data values.
             </summary>
             <remarks>this function assumes that there are no breaks in the sample sequence.
             Usage:<code>
            double [] logistic = new double[10000];
            logistic[0] = 0.1;
            for(int n = 1; n &lt; 10000; n++)
            	logistic[n] = 4.0 * logistic[n-1] * (1.0 - logistic[n-1]);
            ChaosAnalysis analysis = new ChaosAnalysis();
            analysis.LoadSampledData(logistic,DateTime.Now, new TimeSpan(0,0,1));
            analysis.sampleTime = new TimeSpan(0,0,1);
            </code></remarks>
             <param name="data">An array of data values</param>
             <param name="startTime">the start of the sampling</param>
             <param name="sampleStep">the sampling interval</param>
        </member>
        <member name="M:ConceptStrings.ChaosTools.ChaosAnalysis.Predict(System.Int32,System.DateTime)">
             <summary>
             Predict one or more values beyond 
             the most recent in the temporal database.
             </summary>
             <remarks>The predictions are "iterated". This means that 
             predictions are themselves used as the basis for further predictions.
             Predictions, as they are generated, are treated as genuine time 
             samples and injected into the embedding process. They are not
             added to the temporal database, however.
             This function is relatively slow because "training" - i.e. assembly and embedding of
             all the existing training examples - is performed before predictions are generated.
             if start is not within the range of valid data in the temporal database an exception is thrown.
             otherwise predictions are generated at 
             <code>
            start + <see cref="P:ConceptStrings.ChaosTools.ChaosAnalysis.sampleTime"/>, 
            start + 2 * <see cref="P:ConceptStrings.ChaosTools.ChaosAnalysis.sampleTime"/>
             </code> and so on.
             Example usage:
             <code>		
            double [] logistic = new double[1000];
            logistic[0] = 0.1;
            for(int n = 1; n &lt; 1000; n++)
            logistic[n] = 4.0 * logistic[n-1] * (1.0 - logistic[n-1]);
            ChaosAnalysis analysis = new ChaosAnalysis();
            TimeSpan sampleTime = new TimeSpan(0,0,1);
            analysis.LoadSampledData(logistic,DateTime.Now, sampleTime );
            Assert.IsTrue(analysis.CalculateMeasures(true,false,true));
            logistic[0] = logistic[logistic.Length - 1];
            double error = 0.0;
            for(int n = 1; n &lt; 1000; n++)
            {
            	logistic[n] = 4.0 * logistic[n-1] * (1.0 - logistic[n-1]);
            	double [] result = analysis.Predict(1,analysis.latest);
            	analysis.AddDataPointRelative(logistic[n],sampleTime);
            	double diff = logistic[n] - result[0];
            	error += diff * diff;
            }
            error = Math.Sqrt(error/1000);
            	</code></remarks>
             <param name="predictions">Number of predictions to create <see cref="P:ConceptStrings.ChaosTools.ChaosAnalysis.sampleTime"/> apart.</param>
             <param name="start">The time to create predictions from</param>
             <exception cref="T:System.Exception">Thrown if start is outside bounds of temporal database, or choice of parameters and data make predictions impossible.</exception>
             <returns>The predicted values</returns>
        </member>
        <member name="M:ConceptStrings.ChaosTools.ChaosAnalysis.Predict(System.Int32,System.DateTime,System.Int32@)">
             <summary>
             Predict one or more values beyond 
             the most recent in the temporal database.
             </summary>
             <remarks>The predictions are "iterated". This means that 
             predictions are themselves used as the basis for further predictions.
             Predictions, as they are generated, are treated as genuine time 
             samples and injected into the embedding process. They are not
             added to the temporal database, however.
             This function is relatively slow because "training" - i.e. assembly and embedding of
             all the existing training examples - is performed before predictions are generated.
             if start is not within the range of valid data in the temporal database an exception is thrown.
             otherwise predictions are generated at 
             <code>
            start + <see cref="P:ConceptStrings.ChaosTools.ChaosAnalysis.sampleTime"/>, 
            start + 2 * <see cref="P:ConceptStrings.ChaosTools.ChaosAnalysis.sampleTime"/>
             </code> and so on.
             Example usage:
             <code>		
            double [] logistic = new double[1000];
            logistic[0] = 0.1;
            for(int n = 1; n &lt; 1000; n++)
            logistic[n] = 4.0 * logistic[n-1] * (1.0 - logistic[n-1]);
            ChaosAnalysis analysis = new ChaosAnalysis();
            TimeSpan sampleTime = new TimeSpan(0,0,1);
            analysis.LoadSampledData(logistic,DateTime.Now, sampleTime );
            Assert.IsTrue(analysis.CalculateMeasures(true,false,true));
            logistic[0] = logistic[logistic.Length - 1];
            double error = 0.0;
            for(int n = 1; n &lt; 1000; n++)
            {
            	logistic[n] = 4.0 * logistic[n-1] * (1.0 - logistic[n-1]);
            	double [] result = analysis.Predict(1,analysis.latest);
            	analysis.AddDataPointRelative(logistic[n],sampleTime);
            	double diff = logistic[n] - result[0];
            	error += diff * diff;
            }
            error = Math.Sqrt(error/1000);
            	</code></remarks>
             <param name="predictions">Number of predictions to create <see cref="P:ConceptStrings.ChaosTools.ChaosAnalysis.sampleTime"/> apart.</param>
             <param name="start">The time to create predictions from</param>
             <param name="patterns">The number of training paterns generated given the dimension, separation and sample time</param>
             <exception cref="T:System.Exception">Thrown if start is outside bounds of temporal database, or choice of parameters and data make predictions impossible.</exception>
             <returns>The predicted values</returns>
        </member>
        <member name="M:ConceptStrings.ChaosTools.ChaosAnalysis.PredictNext(System.Int32,System.DateTime)">
             <summary>
             Predicts without retraining.
             </summary>
             <remarks><see cref="M:ConceptStrings.ChaosTools.ChaosAnalysis.Predict(System.Int32,System.DateTime)"/> should be called before using this method. Because no training 
             is employed the method is faster than <see cref="M:ConceptStrings.ChaosTools.ChaosAnalysis.Predict(System.Int32,System.DateTime)"/> but the internal model is not updated.
             Intersperse calls to this method with calls to <see cref="M:ConceptStrings.ChaosTools.ChaosAnalysis.Predict(System.Int32,System.DateTime)"/> to keep the model up to date.
             Example usage:
             <code>
            double [] logistic = new double[1000];
            logistic[0] = 0.1;
            for(int n = 1; n &lt; 1000; n++)
            	logistic[n] = 4.0 * logistic[n-1] * (1.0 - logistic[n-1]);
            ChaosAnalysis analysis = new ChaosAnalysis();
            TimeSpan sampleTime = new TimeSpan(0,0,1);
            analysis.LoadSampledData(logistic,DateTime.Now, sampleTime );
            analysis.CalculateMeasures(true,false,true);
            logistic[0] = logistic[logistic.Length - 1];
            double error = 0.0;
            for(int n = 1; n &lt; 1000; n++)
            {
            	logistic[n] = 4.0 * logistic[n-1] * (1.0 - logistic[n-1]);
            	double [] result;
            	if(n == 1)
            		result = analysis.Predict(1,analysis.latest);
            	else
            		result = analysis.PredictNext(1,analysis.latest);
            	analysis.AddDataPointRelative(logistic[n],sampleTime);
            	double diff = logistic[n] - result[0];
            	error += diff * diff;
            }
            error = Math.Sqrt(error/1000);
            </code></remarks>
             <returns>The predicted values</returns>
        </member>
        <member name="M:ConceptStrings.ChaosTools.ChaosAnalysis.IteratePredictions(System.Int32,System.Double[])">
            <summary>
            Helper function for iterating through making the predictions.
            </summary>
            <param name="predictions"></param>
            <param name="validStim"></param>
            <returns></returns>
        </member>
        <member name="M:ConceptStrings.ChaosTools.ChaosAnalysis.GetSampledData(System.TimeSpan)">
            <summary>
            Gets the version of the data seen by the inference system.
            </summary>
            <param name="AttentionSpan">if not null the length of time preceding the end to use in processing</param>
            <returns>the samples created</returns>
        </member>
        <member name="M:ConceptStrings.ChaosTools.ChaosAnalysis.GetSampledPoint(System.DateTime)">
            <summary>
            Used to get an interpolated point
            </summary>
            <param name="point">Time of point</param>
            <returns>the value</returns>
        </member>
        <member name="M:ConceptStrings.ChaosTools.ChaosAnalysis.SortEvents">
            <summary>
            Sorts the stored events
            </summary>
        </member>
        <member name="M:ConceptStrings.ChaosTools.ChaosAnalysis.GetNextValidTradingTimes(System.Int32)">
            <summary>
            For predictions made off the end of the time series finds next valid times
            </summary>
            <param name="predictions">number of steps to predict</param>
            <remarks>Where trading times are used non-trading times are removed from the series. Predictions are made in this "collapsed time", 
            but when the time stamps of predictions are converted back into real time the times need to be processed to put non-trading times back in. 
            So for instance, if predicting one day ahead for traded shares on a Friday, the time of the next prediction should be Monday.</remarks>
            <returns>Array of times</returns>
        </member>
        <member name="M:ConceptStrings.ChaosTools.ChaosAnalysis.GetNextValidTradingTimes(System.Int32,System.DateTime)">
            <summary>
            For back testing find next valid trading times
            </summary>
            <param name="predictions">number of steps to predict</param>
            <param name="time">Time of start of predictions</param>
            <remarks>Where trading times are used non-trading times are removed from the series. Predictions are made in this "collapsed time", 
            but when the time stamps of predictions are converted back into real time the times need to be processed to put non-trading times back in. 
            So for instance, if predicting one day ahead for traded shares on a Friday, the time of the next prediction should be Monday.</remarks>
            <returns>Array of times</returns>
        </member>
        <member name="M:ConceptStrings.ChaosTools.ChaosAnalysis.SetTradingTimes(ConceptStrings.ChaosTools.TradingTimes)">
            <summary>
            If financial data used, set up the periods for which it is valid
            </summary>
            <param name="trading"></param>
        </member>
        <member name="M:ConceptStrings.ChaosTools.ChaosAnalysis.GetHurstExponent">
            <summary>
            Get the result of the RSS analysis
            </summary>
            <returns>The Hurst exponent</returns>
        </member>
        <member name="M:ConceptStrings.ChaosTools.ChaosAnalysis.GetKaplanGlassMeasure">
            <summary>
            Get the Kaplan Glass statistic for this time series.
            </summary>
            <returns></returns>
        </member>
        <member name="M:ConceptStrings.ChaosTools.ChaosAnalysis.GetFractalDimension">
            <summary>
            Get the fractal dimension of this series.
            </summary>
            <remarks>This is not the dimension of the attractor generating the time series, but the graph of the series itself.
            It thus ranges from 1 for a straight line, to 2.0 for a series so active it fills the graphical space.
            Directly related to the Hurst exponent, it is a useful measure akin to volatility, but not dependant on scale.</remarks>
            <returns>Number between 1.0 and 2.0</returns>
        </member>
        <member name="M:ConceptStrings.ChaosTools.ChaosAnalysis.GetLyapunovExponent">
            <summary>
            Get the lyapunov exponent measure of this time series
            </summary>
            <remarks>This measures the loss of predictability inherent 
            in the time series in bits per sample step, and thus the 
            "chaoticness" of the time series. The calculation is averaged 
            over the time series.</remarks>
            <returns>The calculated exponent</returns>
        </member>
        <member name="M:ConceptStrings.ChaosTools.ChaosAnalysis.SetDifferencing(System.Boolean)">
            <summary>
            Control differencing
            </summary>
            <remarks>If differencing is true, predictions will be based on the 
            differences between succeding samples, rather than their absolute values.
            This is most usefull with financial series, where the absolute trading value
            is of less interest than the changes (which are the source of profit), and where 
            price levels are not often repeated.</remarks>
            <param name="bDifference">true for differencing on</param>
        </member>
        <member name="M:ConceptStrings.ChaosTools.ChaosAnalysis.SetAttentionSpan(System.TimeSpan)">
            <summary>
            Sets the length of history used in analysis
            </summary>
            <remarks>For many social and economic time series external factors can change the implied generating function of the series, if any exists.
            These of course occur unpredictably, but some defense can be gained by ignoring data that is older than a given period.
            By setting an attention span, the prediction will ignore data items that might be predictive that are older than the attention span. </remarks>
            <param name="period"></param>
        </member>
        <member name="M:ConceptStrings.ChaosTools.ChaosAnalysis.ResetAttentionSpan">
            <summary>
            Stop using only a limited history.
            </summary>
        </member>
        <member name="M:ConceptStrings.ChaosTools.ChaosAnalysis.SetPredictionGranularity(System.Double)">
            <summary>Set the granularity of predictions.</summary>
            <remarks>
            Many financial time series are quantised, 
            It makes little sense to predict values to arbitrary resolution 
            when they must be constrained to some set of quantised values. 
            Setting the prediction granularity to the natural quantisation 
            of the time series, for instance 0.0001 for the $/£ exchange rate,
            will result in the predictions being rounded to the nearest quantum.
            </remarks>
            <param name="predGran">The size of the smallest possible increment</param>
        </member>
        <member name="M:ConceptStrings.ChaosTools.ChaosAnalysis.MutualInformation(System.Double[],System.Double[])">
            <summary>
            Calculates the mutual information in bits between two vectors
            </summary>
        </member>
        <member name="P:ConceptStrings.ChaosTools.ChaosAnalysis.sampleTime">
            <summary>
            The sample time of the analyses
            </summary>
        </member>
        <member name="P:ConceptStrings.ChaosTools.ChaosAnalysis.earliest">
            <summary>
            The timestamp of the earliest data item in the temporal database
            </summary>
            <remarks>gives <see cref="F:System.DateTime.MinValue"/>if database is empty</remarks>
        </member>
        <member name="P:ConceptStrings.ChaosTools.ChaosAnalysis.earliestValue">
            <summary>
            supplies the earliest in time value.
            </summary>
        </member>
        <member name="P:ConceptStrings.ChaosTools.ChaosAnalysis.latest">
            <summary>
            The timestamp of the latest data item in the temporal database
            </summary>
            <remarks>gives <see cref="F:System.DateTime.MaxValue"/>if database is empty</remarks>
        </member>
        <member name="P:ConceptStrings.ChaosTools.ChaosAnalysis.latestValue">
            <summary>
            Supplies the farthest along in time value;
            </summary>
        </member>
        <member name="P:ConceptStrings.ChaosTools.ChaosAnalysis.Count">
            <summary>
            The number of sampled intervals in the temporal database.
            </summary>
            <exception cref="T:System.Exception">if sample time not set</exception>
        </member>
        <member name="P:ConceptStrings.ChaosTools.ChaosAnalysis.Item(System.Int32)">
            <summary>
            Access the sampled values in the temporal database by sample time index
            </summary>
            <remarks>0 = first element in the database, Count - 1 = last, and values betweenthese points are interpolated</remarks>
        </member>
        <member name="P:ConceptStrings.ChaosTools.ChaosAnalysis.Item(System.DateTime)">
            <summary>
            Access the sampled values in the temporal database by sample time
            </summary>
            <remarks>For sample times before the earliest value NaN is returned. 
            For sample times after the last value, the last value is returned. </remarks>
        </member>
        <member name="P:ConceptStrings.ChaosTools.ChaosAnalysis.differencing">
            <summary>
            Sets differencing for predictions
            </summary>
            <remarks>Where data are constrained to a known range this is not required. If data are unconstrained, as in financial time series, first differences are taken of the 
            time series to create a difference series, and this is used in training/prediction.
            i.e. without differencing <code>S[0], S[1], ... S[n]</code> are used. 
            With differencing <code>S[1] - S[0], S[2] - S[1], ... S[n] - S[n-1]</code> are used.</remarks>
        </member>
        <member name="P:ConceptStrings.ChaosTools.ChaosAnalysis.interpolation">
            <summary>
            If true, interpolation is used.
            </summary>
            <remarks>When a requested sample is between two samples in the database the value used will be linearly interpolated between the two values if true, or the earlier value is used if false. </remarks>
        </member>
        <member name="P:ConceptStrings.ChaosTools.ChaosAnalysis.deadPeriodThreshold">
            <summary>Time period for detecting breaks in the stored series</summary>
             <remarks>
             Some real world data has breaks in it.
            	ChaosKit will by default interpolate accross these breaks, 
            	and whether linear or spline interpolation is used, 
            	bad data is liable to get into the training set. 
            	Setting this period greater than <see cref="F:System.TimeSpan.Zero"/>
            	turns on dead period detection, and any gaps greater than this 
            	threshold will cause Chaoskit to treat the first subsequent data point
            	as if it were the start of a time series. 
             </remarks>
        </member>
        <member name="P:ConceptStrings.ChaosTools.ChaosAnalysis.Lyapunov">
            <summary>
            Get the lyapunov exponent measure of this time series
            </summary>
            <remarks>This measures the loss of predictability inherent 
            in the time series in bits per sample step, and thus the 
            "chaoticness" of the time series. The calculation is averaged 
            over the time series.</remarks>
        </member>
        <member name="P:ConceptStrings.ChaosTools.ChaosAnalysis.Hurst">
            <summary>
            Get the result of the RSS analysis
            </summary>
            <returns>The Hurst exponent</returns>
        </member>
        <member name="P:ConceptStrings.ChaosTools.ChaosAnalysis.FractalDimension">
            <summary>
            Get the fractal dimension of this series.
            </summary>
            <remarks>This is not the dimension of the attractor generating the time series, but the graph of the series itself.
            It thus ranges from 1 for a straight line, to 2.0 for a series so active it fills the graphical space.
            Directly related to the Hurst exponent, it is a useful measure akin to volatility, but not dependant on scale.</remarks>
        </member>
        <member name="P:ConceptStrings.ChaosTools.ChaosAnalysis.optimalEmbeddingSeparation">
            <summary>
            Get the calculated optimal embedding separation for this time series.
            </summary>
            <remarks>The method used is based on auto-mutual information and is described in
            <see href="http://www.scientio.com/resources/thesis.pdf"/> page 79</remarks>
            <returns>the calculated optimal embedding separation</returns>
        </member>
        <member name="P:ConceptStrings.ChaosTools.ChaosAnalysis.optimalEmbeddingDimension">
            <summary>
            Get the calculated optimal embedding dimension for this time series.
            </summary>
            <remarks>Uses the method of "False Nearest Neighbours" to calculate the optimum embedding dimension.
            See <see href="http://www.scientio.com/resources/thesis.pdf"/> Section 4.3.2 page 81 for more details.</remarks>
            <returns>The calculated optimal embedding dimension</returns>
        </member>
        <member name="P:ConceptStrings.ChaosTools.ChaosAnalysis.tradingTimes">
            <summary>
            The associated trading times object
            </summary>
        </member>
        <member name="P:ConceptStrings.ChaosTools.ChaosAnalysis.AttentionSpan">
            <summary>
            Determines during prediction how much of the past history is used.
            </summary>
        </member>
        <member name="P:ConceptStrings.ChaosTools.ChaosAnalysis.Granularity">
            <summary>
            defines the minimum step of a prediction. I.e. if 0.1, predictions will be made to the nearest tenth.
            </summary>
        </member>
        <member name="T:ConceptStrings.ChaosTools.Event">
            <summary>
            Represents a single time tagged data value
            </summary>
        </member>
        <member name="T:ConceptStrings.ChaosTools.EventList">
            <summary>
            Holds a sorted list of events and provides the tools to return data organised for training and various measures of complexity
            </summary>
        </member>
        <member name="M:ConceptStrings.ChaosTools.EventList.KernelFunction(System.Double,System.Double,System.Double,System.Int32)">
            <summary>
             The kernel density function
             </summary>  
             <remarks>Approximates a delta function:
             approx = delta( x_i - x_j ).
             This is the multidimensional Epanechnikov Kernel:
             (1 - |X/h|^2 )  * (d+2)/(Pi^(d/2) * Gamma( d/2 + 1) *h^d)
            </remarks>
            <param name="distSqred"></param>
            <param name="hSqr"></param>
            <param name="h">bandwidth</param>
            <param name="dim"></param>
            <returns></returns>
        </member>
        <member name="M:ConceptStrings.ChaosTools.EventList.MutualInformation(System.Double[],System.Double[])">
            <summary>
            Calculates the mutual information in bits between two vectors of doubles of equal length
            </summary>
            <param name="x">one array</param>
            <param name="y">the other</param>
        </member>
        <member name="M:ConceptStrings.ChaosTools.EventList.LinearRegression(System.Double[],System.Double@)">
            <summary>
            Plots the best straight line between the points
            </summary>
            <remarks>Numerical recipes in C, page 524
            pData is arranged as y,x pairs of points	in that order. wDataCount is the no of pairs.
            The offset and gradient is calculated of the regression line, the offset is returned by reference.</remarks>
            <param name="data"></param>
            <param name="offset">offset of line</param>
            <returns>Slope of line</returns>
        </member>
        <member name="M:ConceptStrings.ChaosTools.EventList.GetValue(System.Double@,System.DateTime)">
            <summary>
            finds the Value of the series at the time given,
            </summary>
            <remarks>random access</remarks>
            <param name="Value"></param>
            <param name="t"></param>
            <returns>false if empty or time is earlier than range held</returns>
        </member>
        <member name="M:ConceptStrings.ChaosTools.EventList.GetNextValue(System.Double@,System.DateTime)">
            <summary>
            finds the Value of the series at the time given,
            </summary>
            <remarks>Should be called after GetValue, starts search at previous location</remarks>
            <param name="Value">The required value by reference</param>
            <param name="t">Time to look for</param>
            <returns>false if empty or time precedes database contents</returns>
        </member>
        <member name="M:ConceptStrings.ChaosTools.EventList.LoadFifo(System.DateTime,System.TimeSpan)">
             <summary>
             Loads the embedding fifo
             </summary>
             <remarks>The use of trading times gives rise to a number of changes to LoadFifo
            
             Firstly, If we're using trading times, we return false if the SampleTime turns out to be
             an invalid trading time (this Value is not loaded into the fifo).
            
             Secondly, if we're differencing, we have to be sure that both the SampleTime Value and the
             previous Value used to produce the difference are valid. We used to define the previous Value
             as the one at time (SampleTiime - ctsStep), but if trading times are used, we cannot 
             guarantee that this is valid. To overcome this problem, we now access a previous valid Value 
             stored as event list member data. This Value is kept up to date by LoadFifo and its 
             sister function, EmbedForChaosMetrics.  However, the first time these functions are
             called (eg. at the start of training/validation pattern production) we have to search 
             backwards for the previous Value since we do not have an appropriate stored Value to use. 
             </remarks>
             <param name="SampleTime"></param>
             <param name="ctsStep"></param>
             <returns></returns>
        </member>
        <member name="M:ConceptStrings.ChaosTools.EventList.FillFifo(System.DateTime,System.TimeSpan)">
            <summary>
            Fills the embedding Fifo
            </summary>
            <param name="SampleTime"></param>
            <param name="ctsStep"></param>
            <returns></returns>
        </member>
        <member name="M:ConceptStrings.ChaosTools.EventList.CalcEmbeddingSeparation">
            <summary>
            Calculate the optimum number of samples between each embedding point
            </summary>
            <remarks>Uses the first minimum in the Auto-Mutual-Information to calculate
            the separation. The logic is that each dimension of the embedded data
            should hold as much new information as possible. Separating the dimensions
            by the above achieves this. The first minimum is selected, because in practice,
            given finite data, the smaller the separation, the more training patterns can be generated.</remarks>
            <returns>false for failure</returns>
        </member>
        <member name="M:ConceptStrings.ChaosTools.EventList.RSAnalysis(System.Boolean)">
            <summary>
            Calculates RescaledRange
            </summary>
            <remarks>Based on Chaos and Order in the Capital Markets, page 63
            RSArray points to an array of pairs of values. Odd values are Y values, Even are X values
            bLogReturns is usually false.</remarks>
            <param name="bLogReturns">Use the log of the differences</param>
            <returns>RSS Series</returns>
        </member>
        <member name="M:ConceptStrings.ChaosTools.EventList.UpdateFifoWithPrediction(System.Double)">
            <summary>
            Load the fifo with a new prediction and create a stimulus pattern
            </summary>
            <param name="prediction"></param>
            <returns></returns>
        </member>
        <member name="M:ConceptStrings.ChaosTools.EventList.ReadoutFifo">
            <summary>
            Create a stimulus pattern from the fifo
            </summary>
            <returns>the pattern</returns>
        </member>
        <member name="M:ConceptStrings.ChaosTools.EventList.CalculateSeparationUsingPrediction">
            <summary>
            The best separation is that which generates the best predictions
            </summary>
        </member>
        <member name="M:ConceptStrings.ChaosTools.EventList.Interpolate(ConceptStrings.ChaosTools.Event,ConceptStrings.ChaosTools.Event,System.DateTime)">
            <summary>
            Performs linear interpolation between the values of events
            </summary>
            <param name="first">the earlier event</param>
            <param name="second">the later event</param>
            <param name="time">the point in time for which to generate an interpolated value</param>
            <returns>the interpolated value.</returns>
        </member>
        <member name="P:ConceptStrings.ChaosTools.EventList.Item(System.Int32)">
            <summary>
            Access the sampled values in the temporal database by sample time index
            </summary>
            <remarks>0 = first element in the database, Count - 1 = last, and values between these points are interpolated</remarks>
        </member>
        <member name="P:ConceptStrings.ChaosTools.EventList.Count">
            <summary>
            Returns the number of samples in the temporal database.
            </summary>
            <exception cref="T:System.Exception">if sample time not set</exception>
        </member>
        <member name="T:ConceptStrings.ChaosTools.HyperCube">
            <summary>
            
            </summary>
        </member>
        <member name="T:ConceptStrings.ChaosTools.HyperCubeList">
            <summary>
            
            </summary>
        </member>
        <member name="T:ConceptStrings.ChaosTools.HyperPoint">
            <summary>
            hyper point class
            </summary>
        </member>
        <member name="T:ConceptStrings.ChaosTools.HyperRect">
            <summary>
            hyper rectangle class 
            </summary>
        </member>
        <member name="T:ConceptStrings.ChaosTools.KDNode">
            <summary>
            
            </summary>
        </member>
        <member name="T:ConceptStrings.ChaosTools.ITreeReferenceable">
            <summary>
            Must be implemented by objects that can be sorted by KDTrees.
            </summary>
            <remarks>KDTrees can be generated for arrays of doubles or objects 
            possesing a reference quantity that can be converted into a double. 
            Implement this interface in any object you wish to store on KDTrees.</remarks>
        </member>
        <member name="M:ConceptStrings.ChaosTools.ITreeReferenceable.GetValue">
            <summary>
            get the reference value
            </summary>
            <returns>the reference value</returns>
        </member>
        <member name="T:ConceptStrings.ChaosTools.KDTree">
            <summary>
            Data structure used to efficiently find near-neighbouring points for numeric vectors from a database of other points
            </summary>
            <remarks>Finds either the 'n' nearest vectors to a given vector in Euclidean space, or all the neighbours within a given Euclidean distance from a vector.
            Vectors can be of arbitrary dimension but must be numeric and consistent in dimensionality. Processing occurs in approximately O(logN) time.</remarks>
        </member>
        <member name="F:ConceptStrings.ChaosTools.KDTree.dimensions">
            <summary>
            number of dimensions
            </summary>
        </member>
        <member name="F:ConceptStrings.ChaosTools.KDTree.root">
            <summary>
            root of KD-tree
            </summary>
        </member>
        <member name="F:ConceptStrings.ChaosTools.KDTree.m_count">
            <summary>
            count of nodes
            </summary>
        </member>
        <member name="M:ConceptStrings.ChaosTools.KDTree.#ctor">
            <summary>
            Constructor
            </summary>
        </member>
        <member name="M:ConceptStrings.ChaosTools.KDTree.#ctor(System.Double[0:,0:])">
            <summary>
            Create a tree from parameters
            </summary>
            <param name="inputMatrix">Matrix of data points</param>
        </member>
        <member name="M:ConceptStrings.ChaosTools.KDTree.#ctor(ConceptStrings.ChaosTools.ITreeReferenceable[0:,0:])">
            <summary>
            Alternate constructor for creating trees of objects 
            implementing the <see cref="T:ConceptStrings.ChaosTools.ITreeReferenceable"/> interface.
            </summary>
            <param name="inputMatrix">two dimensional array of objects</param>
        </member>
        <member name="M:ConceptStrings.ChaosTools.KDTree.Insert(System.Double[],System.Object)">
            <summary>
            Insert a node in a KD-tree.  	
            </summary>
            <remarks>
            Key is a vector of doubles used to locate the value in a cartesian space.
            The value parameters should each be unique. Duplicate objects, or those that appear duplicates because the are indistinguishable will create exceptions. 
            value can be any object, but for efficiency should be a simple object for which efficient hashing algorithms are defined.
            To speed up deletions a reverse index is maintained of values in a hashtable.</remarks>
            <exception cref="T:System.ArgumentOutOfRangeException">If Key has wrong number of dimensions</exception>
            <param name="key">key for KD-tree node</param>
            <param name="value">External value associated with that key</param>
        </member>
        <member name="M:ConceptStrings.ChaosTools.KDTree.Search(ConceptStrings.ChaosTools.ITreeReferenceable[],System.Int32,System.Collections.Generic.List{ConceptStrings.ChaosTools.KDTreePoint}@)">
            <summary>
            Look for 'n' neighbour objects to a given point. Neighbours may be duplicates.
            </summary>
            <param name="inputVector">vector of objects to find neighbours of.</param>
            <param name="neighbourCount">number of neighbours to find</param>
            <param name="distances">array of distances</param>
        </member>
        <member name="M:ConceptStrings.ChaosTools.KDTree.Search(System.Double[],System.Int32,System.Collections.Generic.List{ConceptStrings.ChaosTools.KDTreePoint}@)">
            <summary>
            Look for 'n' neighbour objects to a given point. Neighbours may be duplicates.
            </summary>
            <param name="inputVector">vector of doubles to find neighbours of.</param>
            <param name="neighbourCount">number of neighbours to find</param>
            <param name="distances">array of distances</param>
        </member>
        <member name="M:ConceptStrings.ChaosTools.KDTree.UniqueSearch(System.Double[],System.Int32,System.Collections.Generic.List{ConceptStrings.ChaosTools.KDTreePoint}@)">
            <summary>
            Look for 'n' neighbours to a given point. Each neighbour must be unique..
            </summary>
            <param name="inputVector">vector to find neighbours of</param>
            <param name="neighbourCount">number of neighbours to find</param>
            <param name="distances">array of distances</param>
        </member>
        <member name="M:ConceptStrings.ChaosTools.KDTree.UniqueSearch(ConceptStrings.ChaosTools.ITreeReferenceable[],System.Int32,System.Collections.Generic.List{ConceptStrings.ChaosTools.KDTreePoint}@)">
            <summary>
            Look for 'n' neighbour objects to a given point. Each neighbour must be unique..
            </summary>
            <param name="inputVector">vector of objects to find neighbours of</param>
            <param name="neighbourCount">number of neighbours to find</param>
            <param name="distances">array of distances</param>
        </member>
        <member name="M:ConceptStrings.ChaosTools.KDTree.SearchByDistance(System.Double[],System.Double,System.Int32@,System.Collections.Generic.List{ConceptStrings.ChaosTools.KDTreePoint}@,System.Int32)">
            <summary>
            find the neighbours within a distance of a point
            </summary>
            <remarks>Note that the distance array contains the squares of the distances found.</remarks>
            <param name="inputVector">Vector to find neighbours of</param>
            <param name="maxDistance">distance to search over</param>
            <param name="neighbourCount">number of neighbours found within distance</param>
            <param name="distances">array of squared distances of neighbours from the input vector</param>
            <param name="maxNeighbourCount">maximum permissable size of arrays</param>
        </member>
        <member name="M:ConceptStrings.ChaosTools.KDTree.SearchByDistance(ConceptStrings.ChaosTools.ITreeReferenceable[],System.Double,System.Int32@,System.Collections.Generic.List{ConceptStrings.ChaosTools.KDTreePoint}@,System.Int32)">
            <summary>
            find the neighbour objects within a distance of a point
            </summary>
            <remarks>Note that the distance array contains the squares of the distances found.</remarks>
            <param name="inputVector">Vector to find neighbours of</param>
            <param name="maxDistance">distance to search over</param>
            <param name="neighbourCount">number of neighbours found within distance</param>
            <param name="distances">array of squared distances of neighbours from the input vector</param>
            <param name="maxNeighbourCount">maximum permissable size of arrays</param>
        </member>
        <member name="M:ConceptStrings.ChaosTools.KDTree.range(System.Double[],System.Double[])">
            <summary>
            
            </summary>
            <param name="lowk"></param>
            <param name="uppk"></param>
            <returns></returns>
        </member>
        <member name="T:ConceptStrings.ChaosTools.KDTreePoint">
            <summary>
            Represents data about a point in the source data.
            </summary>
        </member>
        <member name="M:ConceptStrings.ChaosTools.KDTreePoint.#ctor(System.Object,System.Double)">
            <summary>
            Constructor
            </summary>
            <param name="Index">index into the source data</param>
            <param name="DistSquared">Squared distance of this point from the search pattern</param>
        </member>
        <member name="M:ConceptStrings.ChaosTools.KDTreePoint.CompareTo(System.Object)">
            <summary>
            Compares one KDTReePoint to another based on distance.
            </summary>
            <param name="obj"></param>
            <returns></returns>
        </member>
        <member name="P:ConceptStrings.ChaosTools.KDTreePoint.distSquared">
            <summary>
            Squared distance of this point from the search pattern
            </summary>
        </member>
        <member name="P:ConceptStrings.ChaosTools.KDTreePoint.index">
            <summary>
            index into the source data
            </summary>
        </member>
        <member name="T:ConceptStrings.ChaosTools.KDTreeNode">
            <summary>
            Implements a node of the KDTree structure
            </summary>
        </member>
        <member name="T:ConceptStrings.ChaosTools.NearestNeighborList">
            <summary>
            
            </summary>
        </member>
        <member name="T:ConceptStrings.ChaosTools.PriorityQueue">
            <summary>
            
            </summary>
        </member>
        <member name="F:ConceptStrings.ChaosTools.PriorityQueue.data">
            <summary>
            This contains the list of objects in the queue.
            </summary>
        </member>
        <member name="F:ConceptStrings.ChaosTools.PriorityQueue.value">
            <summary>
            This contains the list of prioritys in the queue.
            </summary>
        </member>
        <member name="F:ConceptStrings.ChaosTools.PriorityQueue.count">
            <summary>
            Holds the number of elements currently in the queue.
            </summary>
        </member>
        <member name="F:ConceptStrings.ChaosTools.PriorityQueue.capacity">
            <summary>
            This holds the number elements this queue can have.
            </summary>
        </member>
        <member name="M:ConceptStrings.ChaosTools.PriorityQueue.#ctor">
            <summary>
            Creates a new PriorityQueue object. The PriorityQueue object allows 
            objects to be entered into the queue and to leave in the order of priority 
            i.e the highest priority get's to leave first.
            </summary>
        </member>
        <member name="M:ConceptStrings.ChaosTools.PriorityQueue.#ctor(System.Int32)">
            <summary>
            Creates a new PriorityQueue object. The PriorityQueue object allows 
            objects to be entered into the queue and to leave in the order of priority 
            i.e the highest priority get's to leave first.
            </summary>
            <param name="capacity">the initial capacity of the queue before a resize</param>	
        </member>
        <member name="M:ConceptStrings.ChaosTools.PriorityQueue.#ctor(System.Int32,System.Double)">
            <summary>
            Creates a new PriorityQueue object. The PriorityQueue object allows 
            objects to be entered into the queue and to leave in the order of priority 
            i.e the highest priority get's to leave first.
            </summary>
            <param name="capacity">the initial capacity of the queue before a resize</param>
            <param name="maxPriority">param maxPriority is the maximum possible priority for an object</param>
        </member>
        <member name="M:ConceptStrings.ChaosTools.PriorityQueue.init(System.Int32)">
            <summary>
            This is an initializer for the object. It basically initializes
             an array of long called value to represent the prioritys of the objects, 
             it also creates an array of objects to be used in parallel with the array 
             of longs, to represent the objects entered, these can be used to sequence the data.
            </summary>
            <param name="size">the initial capacity of the queue, it can be resized</param>
        </member>
        <member name="M:ConceptStrings.ChaosTools.PriorityQueue.add(System.Object,System.Double)">
             This function adds the given object into the <code>PriorityQueue</code>,
             its priority is the long priority. The way in which priority can be
             associated with the elements of the queue is by keeping the priority
             and the elements array entrys parallel.
            
             @param 
             @param 
             <code>PriorityQueue</code>
            <summary>
            This function adds the given object into the PriorityQueue its priority
            is the long priority. The way in which priority can be associated with the
            elements of the queue is by keeping the priority and the elements array entrys parallel.
            </summary>
            <param name="element">element is the object that is to be entered into this PriorityQueue</param>
            <param name="priority">priority this is the priority that the object holds in the PriorityQueue</param>
        </member>
        <member name="M:ConceptStrings.ChaosTools.PriorityQueue.remove">
             Remove is a function to remove the element in the queue with the
             maximum priority. Once the element is removed then it can never be
             recovered from the queue with further calls. The lowest priority
             object will leave last.
            
             @return the object with the highest priority or if it's empty
             null
            <summary>
            Remove is a function to remove the element in the queue with the
             maximum priority. Once the element is removed then it can never be 
             recovered from the queue with further calls. The lowest priority object will leave last.
            </summary>
            <returns>the object with the highest priority or if it's empty null</returns>
        </member>
        <member name="M:ConceptStrings.ChaosTools.PriorityQueue.bubbleDown(System.Int32)">
            <summary>
            Bubble down is used to put the element at subscript 'pos' 
            into it's rightful place in the heap (i.e heap is another name 
            for PriorityQueue). If the priority of an element at subscript 
            'pos' is less than it's children then it must be put under one 
            of these children, i.e the ones with the maximum priority must come first.
            </summary>
            <param name="pos">is the position within the arrays of the element and priority</param>
        </member>
        <member name="M:ConceptStrings.ChaosTools.PriorityQueue.bubbleUp(System.Int32)">
            <summary>
            Bubble up is used to place an element relatively low in the queue 
            to it's rightful place higher in the queue, but only if it's priority 
            allows it to do so, similar to bubbleDown only in the other direction 
            this swaps out its parents.
            </summary>
            <param name="pos">the position in the arrays of the object to be bubbled up</param>
        </member>
        <member name="M:ConceptStrings.ChaosTools.PriorityQueue.expandCapacity">
            <summary>
            This ensures that there is enough space to keep adding elements 
            to the priority queue. It is however advised to make the capacity 
            of the queue large enough so that this will not be used as it is 
            an expensive method. This will copy across from 0 as 'off' equals 
            0 is contains some important data.
            </summary>	
        </member>
        <member name="M:ConceptStrings.ChaosTools.PriorityQueue.clear">
            <summary>
            This method will empty the queue. This also helps garbage 
            collection by releasing any reference it has to the elements 
            in the queue. This starts from offset 1 as off equals 0 for the elements array.
            </summary>
        </member>
        <member name="M:ConceptStrings.ChaosTools.PriorityQueue.length">
            <summary>
            The number of elements in the queue. 
            The length indicates the number of elements 
            that are currently in the queue.
            </summary>
            <returns>the number of elements in the queue</returns>
        </member>
        <member name="T:ConceptStrings.ChaosTools.SugMay">
            <summary>
            Sugihara and May type neighbourhood prediction
            </summary>
        </member>
        <member name="T:ConceptStrings.ChaosTools.TradingTimes">
            <summary>
            Represents periods when a given market or markets are open
            </summary>
        </member>
        <member name="M:ConceptStrings.ChaosTools.TradingTimes.#ctor">
            <summary>
            constructor
            </summary>
        </member>
        <member name="F:ConceptStrings.ChaosTools.TradingTimes.twentyFourHrs">
            <summary>
            true if 24 hour trading
            </summary>
        </member>
        <member name="F:ConceptStrings.ChaosTools.TradingTimes.tradingDays">
            <summary>
            flags for trading days, [0] = sunday, default mon-fri.
            </summary>
        </member>
        <member name="F:ConceptStrings.ChaosTools.TradingTimes.tradingStart">
            <summary>
            trading start time, offset from midnight
            </summary>
        </member>
        <member name="F:ConceptStrings.ChaosTools.TradingTimes.tradingEnd">
            <summary>
            trading end, offset from midnight
            </summary>
        </member>
        <member name="F:ConceptStrings.ChaosTools.TradingTimes.holidays">
            <summary>
            list of holiday dates sorted in time order.
            </summary>
        </member>
        <member name="M:ConceptStrings.ChaosTools.TradingTimes.IsTradingTime(System.DateTime,System.TimeSpan)">
            <summary>
            Determine if a given time is a trading time
            </summary>
            <param name="time">The time to examine</param>
            <param name="sampleTime">the current sample time</param>
            <returns>true if a trading time, false otherwise</returns>
        </member>
    </members>
</doc>
